section;data
2.6 2.10 6 1;27 27 26 26 24 23 23 22 21 20 18 16 15 14 12 12 12 11 11 11 10 9 9 8 8 7 7 7 6 5 6 5 5 4 4 4 4 4 4 4 3 4 4 4 4 4 4 4 4 4 4 3 4 4 3 4 4 4 4 4 4 5 5 6 6 7 7 8 9 10 10 11 12 13 15 17 19 21 24 27 31 36 41 45 50 58 64 72 78 83 88 93 97 101 105 108 115 119 119 121 120 122 120 122 119 119 118 117 114 111 108 106 104 101 98 99 96 96 97 98 97 97 97 96 97 96 98 97 97 98 97 97 95 94 94 92 90 88 88 86 84 84 84 84 82 82 84 84 84 86 87 86 88 90 90 89 89 91 91 90 89 89 88 86 86 85 84 82 83 83 82 82 80 80 80 82 85 85 86 86 85 84 84 83 83 84 82 83 82 81 83 83 84 87 90 93 96 100 105 109 111 114 117 116 118 119 119 119 119 117 114 111 109 109 105 105 104 102 100 99 97 96 95 93 95 93 93 94 93 93 91 92 92 92 90 89 88 85 84 82 79 76 72 69 66 64 61 57 55 52 49 46 43 41 37 37 36 36 34 32 32 32 31 30 29 30 29 30 28 28 27 26 27 27 27 27 27 27 26 27 27 27 26 26 26 24 23 23
2.6 4.47 4 1;38 37 37 37 37 38 37 37 34 31 31 28 27 26 24 23 22 21 19 17 15 15 14 12 12 10 9 8 7 7 6 5 5 5 4 3 3 3 2 2 2 2 2 2 2 2 2 2 2 2 2 2 2 3 3 3 4 4 4 5 5 6 6 7 8 9 9 10 12 14 16 18 21 24 26 28 31 35 39 43 50 54 61 66 70 74 77 83 88 94 93 93 96 96 98 98 98 103 103 108 107 106 106 110 113 113 113 113 112 112 109 110 105 102 97 95 91 91 89 89 88 84 83 82 79 81 83 87 89 90 89 90 90 88 89 88 89 92 92 92 94 96 96 95 96 96 98 101 103 102 101 101 101 102 98 100 99 98 95 97 93 93 94 92 90 89 87 89 88 88 90 91 89 91 91 91 92 95 94 95 94 94 95 95 97 99 97 99 97 96 96 97 94 96 97 98 98 98 97 100 99 102 108 106 108 112 116 116 119 119 116 117 118 121 118 117 120 118 117 116 116 113 114 115 118 117 112 111 108 104 102 100 98 98 97 94 92 88 84 83 81 80 77 76 74 70 64 61 58 54 52 52 49 48 45 45 44 42 39 37 36 36 38 34 34 34 33 34 33 33 33 33 35 36 36 35 37 36 35 35 33 35 34 34 34 32 31 31
4.47 2.6 8 1;36 34 33 33 31 30 29 28 26 23 22 20 18 17 16 16 15 14 13 13 12 11 11 10 9 8 8 7 5 5 5 5 4 4 4 3 3 3 3 3 3 3 3 3 3 3 3 3 4 3 4 4 5 5 5 5 6 6 6 7 7 7 8 8 8 9 9 10 10 12 14 15 17 18 21 23 26 31 35 39 47 54 59 67 76 86 94 103 107 116 120 127 131 133 136 140 142 142 142 144 139 144 142 142 140 140 136 135 131 129 125 120 115 114 110 108 104 102 102 102 101 101 98 98 97 97 97 96 94 95 93 93 92 91 90 90 89 90 89 87 88 88 89 89 87 89 89 91 91 92 92 94 96 97 97 98 99 101 99 96 96 95 96 94 92 91 91 90 88 87 87 87 88 87 86 86 87 86 86 84 82 81 83 83 83 82 83 84 84 87 90 89 90 93 94 94 100 104 111 113 118 120 120 121 121 125 125 127 129 124 122 120 120 118 119 122 121 126 122 123 124 124 124 125 123 123 124 123 120 121 117 119 118 115 115 115 114 113 111 106 103 99 94 93 89 85 82 76 71 67 63 60 57 54 51 50 48 46 44 43 43 41 40 39 39 40 40 40 40 40 39 39 39 39 41 41 42 41 39 40 38 37 37 36 35 35 32 30
4.47 4.46 4 1;41 40 41 41 41 41 40 38 35 32 32 30 28 26 25 24 22 21 20 18 16 16 15 14 13 11 10 9 8 8 7 6 6 5 5 4 4 4 3 3 3 2 2 2 2 2 2 2 2 2 2 2 2 3 3 3 4 4 5 5 6 6 7 8 9 10 10 12 13 15 18 19 22 24 28 31 34 39 43 47 53 58 65 72 77 84 91 98 102 108 113 114 121 125 125 127 126 129 130 128 127 131 129 128 133 130 127 128 125 124 123 120 120 116 109 108 106 103 101 100 96 95 94 92 91 89 91 93 93 93 92 93 94 94 93 95 94 97 97 99 101 101 104 104 103 106 107 110 110 110 110 112 111 111 109 109 109 109 107 105 105 104 104 101 99 98 97 96 97 97 96 97 98 97 97 100 100 101 100 102 102 100 100 101 101 101 101 102 100 100 101 102 100 101 101 104 106 105 108 108 110 111 114 116 116 122 123 125 127 126 128 125 127 130 132 133 132 132 128 133 134 131 133 131 133 130 126 122 118 116 114 115 108 105 104 101 98 95 94 92 91 90 84 84 79 76 73 67 64 62 60 58 54 51 49 48 46 44 42 40 40 40 41 39 37 37 38 37 36 37 36 36 37 38 37 36 38 36 36 36 35 36 35 35 35 33 32 31
4.45 4.44 4 1;50 49 50 50 49 50 48 44 42 38 37 35 33 30 29 27 25 24 23 22 19 18 18 16 15 14 12 11 10 9 8 7 6 6 6 5 4 4 3 3 3 3 3 3 2 2 2 2 2 2 2 2 2 2 3 3 4 4 4 5 5 6 6 7 7 8 8 9 10 11 13 14 16 17 20 23 26 29 33 37 42 47 54 61 67 75 81 87 95 100 106 111 115 119 121 124 124 125 122 123 123 122 122 119 118 117 115 116 113 111 112 113 112 109 107 107 105 104 105 106 103 100 102 98 99 97 98 100 97 99 99 98 97 97 101 101 103 104 106 108 107 112 113 113 115 115 117 113 114 116 114 114 114 114 113 114 115 116 116 116 117 114 113 113 111 109 110 108 106 106 105 104 103 103 106 107 106 108 107 105 106 105 103 101 103 101 101 101 101 102 100 104 105 104 108 111 114 116 119 123 125 126 124 130 131 132 135 133 135 135 136 136 135 133 135 138 136 135 134 133 134 133 132 132 133 132 134 129 126 124 121 122 121 120 116 117 113 111 109 105 105 105 101 96 92 88 82 80 74 72 66 63 60 55 50 49 48 47 45 45 44 42 43 43 43 43 44 45 45 45 45 44 44 45 46 43 43 42 42 42 40 40 41 41 40 41 39 38
4.44 4.45 8 1;25 24 23 21 20 19 18 17 16 14 13 12 11 11 11 11 11 10 10 9 9 8 8 8 8 7 6 5 5 4 4 4 4 3 4 3 3 3 3 3 3 2 2 2 2 3 2 2 2 2 3 3 3 3 4 4 3 4 4 5 5 6 6 6 7 7 7 8 9 10 11 12 14 16 18 20 23 26 31 37 42 48 54 60 67 75 84 91 96 101 105 110 115 118 120 122 124 125 124 123 124 128 128 127 124 120 118 117 115 111 107 105 102 99 94 92 92 90 89 88 87 86 85 84 81 80 78 77 75 73 71 69 66 65 64 63 63 63 63 62 60 59 57 59 59 61 61 61 61 62 62 62 62 64 65 67 67 68 65 66 65 65 62 60 59 60 60 58 58 58 57 57 55 56 55 56 57 54 52 51 50 48 48 47 47 46 46 46 49 49 51 51 51 52 53 54 64 69 75 78 82 82 87 89 92 97 99 104 105 101 98 99 100 99 103 101 103 104 103 103 104 105 102 102 100 99 99 98 97 96 96 98 98 96 96 95 95 94 92 90 87 83 80 77 73 69 65 60 57 53 51 48 46 42 41 39 37 36 36 35 35 34 33 33 34 33 34 34 34 34 33 32 32 33 34 33 34 32 32 31 31 30 29 29 28 26 25 24
4.44 4.41 4 1;35 34 33 34 34 33 33 30 29 26 25 24 23 21 20 20 19 18 17 16 15 14 13 13 11 11 10 8 8 7 7 6 6 5 5 5 4 3 3 3 3 2 2 2 2 2 2 2 2 2 2 2 2 3 3 3 3 3 4 4 5 5 5 5 5 5 6 6 7 8 9 10 11 13 14 16 19 20 25 26 29 33 36 42 46 52 57 63 65 70 75 77 82 85 87 92 92 92 92 93 93 95 96 96 95 95 94 94 92 91 90 89 88 87 85 84 82 83 82 81 78 77 77 75 74 73 73 72 70 72 70 69 69 70 71 71 74 77 79 79 80 82 79 81 83 84 86 87 87 88 87 86 87 88 88 90 90 91 90 89 88 86 86 84 84 83 82 79 77 79 77 76 77 75 77 76 75 73 73 71 74 73 73 72 72 69 71 69 72 76 76 79 81 82 85 86 89 93 96 98 103 101 101 105 103 103 103 106 104 104 102 102 100 97 99 100 99 100 100 98 97 97 97 97 96 96 97 95 92 90 88 88 89 86 85 84 82 81 80 77 77 75 72 70 67 64 61 58 54 52 49 45 42 39 36 35 33 32 31 29 28 28 28 28 28 29 29 30 31 31 31 32 32 32 33 33 32 32 32 32 32 30 30 30 29 29 29 27
4.41 4.44 8 1;16 15 14 13 12 12 11 10 8 8 7 6 6 7 7 7 6 6 6 6 5 6 6 6 6 5 4 4 4 3 4 3 3 3 3 2 2 2 2 1 1 1 1 1 1 1 2 2 2 2 2 2 2 2 2 2 2 2 2 3 3 3 3 3 4 4 5 6 7 8 9 9 11 12 15 17 19 21 24 27 31 34 39 43 48 54 59 62 66 71 75 79 83 84 85 87 89 90 91 91 94 94 94 93 92 90 91 89 87 84 83 79 76 72 71 69 66 63 62 61 58 60 59 57 56 55 55 54 54 54 55 54 54 56 54 54 54 53 54 53 52 51 50 49 49 49 49 49 49 48 48 48 48 50 51 52 52 53 52 52 51 51 52 53 52 52 52 52 51 51 50 53 53 54 55 54 54 54 55 54 55 56 57 56 55 56 57 56 56 57 57 58 57 58 56 57 59 59 59 60 61 63 64 64 64 65 65 66 67 68 69 69 69 72 71 72 74 74 76 76 77 76 76 76 77 75 73 73 72 70 70 70 70 69 68 67 65 63 63 62 60 58 56 54 51 49 47 44 42 40 39 36 32 31 29 29 27 26 24 23 23 22 23 22 23 23 23 23 22 22 22 22 21 22 21 20 20 19 19 18 18 18 17 16 16 16 16 16
4.41 4.42 4 1;18 18 18 18 17 17 16 16 14 13 13 12 12 10 10 10 9 8 8 8 7 6 6 6 6 5 5 4 4 4 4 3 3 3 3 3 2 2 2 1 2 1 1 1 1 2 1 1 1 2 2 2 2 2 2 2 1 2 2 2 2 3 2 3 3 3 3 4 4 5 6 6 7 8 8 9 11 12 13 14 15 17 19 22 25 27 31 33 36 40 44 45 48 51 52 55 55 55 56 56 58 58 56 56 58 57 56 55 54 54 54 54 54 53 52 52 51 52 50 52 52 51 50 49 49 49 50 50 50 50 48 49 46 47 47 48 48 49 49 48 50 49 48 48 48 51 50 50 49 50 48 48 48 46 48 48 48 48 46 47 45 46 45 45 45 45 45 44 44 45 45 45 45 46 46 47 47 46 47 46 46 47 49 49 50 50 50 51 50 51 51 52 54 55 55 54 54 53 53 53 54 55 55 53 53 52 53 52 51 50 50 51 51 51 50 51 52 52 53 51 51 51 52 52 51 50 49 48 46 45 43 42 42 42 41 38 38 38 38 37 36 37 35 35 33 31 31 30 30 27 26 24 22 21 20 19 17 18 17 17 16 15 16 16 17 17 17 17 17 18 18 17 18 18 17 17 16 16 16 16 16 16 15 14 15 15 15 15
4.42 4.41 8 1;0 0 0 0 0 0 0 0 0 0 0 0 0 0 0 0 0 0 0 0 0 0 0 0 0 0 0 0 0 0 0 0 0 0 0 0 0 0 0 0 0 0 0 0 0 0 0 0 0 0 0 0 0 0 0 0 0 0 0 0 0 0 0 0 0 0 0 0 0 0 0 0 0 0 0 0 0 0 0 0 0 0 0 0 0 0 0 0 0 0 0 0 0 0 0 0 0 0 0 0 0 0 0 0 0 0 0 0 0 0 0 0 0 0 0 0 0 0 0 0 0 0 0 0 0 0 0 0 0 0 0 0 0 0 0 0 0 0 3 3 3 3 3 10 10 19 19 19 19 19 39 62 89 114 140 164 183 209 228 254 277 303 329 336 331 331 329 330 331 331 331 330 329 331 331 330 307 299 288 286 284 285 285 286 287 288 288 283 277 293 297 302 301 296 287 280 273 265 259 251 251 249 248 248 247 246 247 250 252 252 253 251 253 255 257 261 264 267 268 269 269 268 269 270 272 272 271 272 271 270 271 272 271 270 272 272 265 265 268 271 271 266 246 225 204 184 165 143 122 110 88 65 41 19 5 4 2 2 2 0 0 0 0 0 0 0 0 0 0 0 0 0 0 0 0 0 0 0 0 0 0 0 0 0 0 0 0 0
2.5 2.6 2 1;2 2 2 2 2 2 2 1 1 1 1 1 1 1 1 1 1 1 1 1 1 1 1 1 0 0 0 0 0 0 0 0 0 0 0 0 0 0 0 0 0 0 0 0 0 0 0 0 0 0 0 0 0 0 0 0 0 0 0 0 0 0 0 0 0 0 0 1 1 1 1 1 0 0 1 1 1 1 2 2 2 2 3 3 4 4 5 5 5 6 6 7 7 8 8 8 8 9 8 8 8 8 8 8 8 8 8 8 7 7 7 6 7 7 7 6 5 5 5 5 5 5 5 5 5 5 5 6 6 6 6 6 6 6 6 6 6 6 6 5 5 5 5 5 5 4 4 5 5 4 4 4 4 4 4 4 4 4 4 4 13 13 14 14 14 15 15 15 15 14 14 15 14 5 5 5 5 5 5 5 5 5 6 6 5 6 6 6 6 6 5 5 5 5 5 5 4 5 5 5 4 5 5 5 5 6 5 5 6 6 6 6 6 6 6 6 7 7 6 7 6 6 7 7 7 6 6 7 6 6 6 6 6 6 6 5 5 6 5 5 4 4 4 4 4 4 4 4 3 3 2 2 2 2 2 2 1 1 1 1 1 1 1 1 1 1 1 1 1 2 1 1 1 1 1 1 1 1 1 1 1 1 1 1 1 1 1 1
2.6 2.5 6 1;17 16 15 16 16 15 15 13 13 12 11 10 10 9 9 9 8 7 7 6 6 6 5 6 5 5 4 4 4 3 3 3 3 3 3 2 2 2 1 2 1 1 1 1 1 1 1 1 1 1 1 2 2 2 2 2 2 3 3 3 3 3 3 3 4 4 4 4 5 5 6 6 6 7 9 9 9 10 11 12 14 15 17 18 20 23 25 27 29 31 33 35 37 38 39 40 42 42 43 42 42 43 43 43 43 42 41 41 41 40 38 38 37 36 35 33 32 32 32 32 32 32 32 33 32 32 33 32 33 33 34 34 35 35 35 35 35 35 35 36 36 36 36 35 36 35 34 35 35 35 34 35 35 35 35 35 36 35 35 34 34 33 33 33 32 32 31 31 30 30 30 30 30 30 30 30 30 30 29 30 30 30 31 30 30 31 31 32 33 35 35 35 35 36 36 36 37 38 39 40 40 40 40 42 42 41 42 42 43 44 43 42 41 41 42 43 41 42 42 43 43 43 43 43 44 45 45 45 44 44 45 45 44 44 44 44 43 43 42 41 40 39 36 34 32 32 30 29 27 26 24 23 22 20 20 20 20 20 19 19 18 18 17 17 17 17 17 18 18 17 17 17 17 16 17 17 17 17 16 16 15 15 15 15 15 14 14 13
0.127 4.47 2 1;0 0 0 0 0 0 0 0 0 0 0 0 0 0 0 0 0 0 0 0 0 0 0 0 0 0 0 0 0 0 0 0 0 0 0 0 0 0 0 0 0 0 0 0 0 0 0 0 0 0 0 0 0 0 0 0 0 0 0 0 0 0 0 0 0 0 0 0 0 0 0 0 0 0 0 0 0 0 0 0 0 0 0 0 0 0 0 0 0 0 0 0 0 1 1 1 1 1 2 2 2 3 3 4 4 4 5 5 5 5 5 4 4 3 3 2 2 2 1 1 0 0 0 0 0 0 0 0 0 0 0 0 0 0 0 0 0 0 0 0 0 0 0 0 0 0 0 0 1 1 1 1 2 2 2 2 3 3 3 3 3 3 3 3 2 2 2 2 2 1 1 1 1 0 0 0 0 0 0 0 0 0 0 0 0 0 0 0 0 0 0 0 0 0 0 0 0 0 0 0 0 0 0 0 0 0 0 0 0 0 0 0 0 0 0 0 0 0 0 0 0 0 0 1 1 1 1 1 1 1 1 1 1 1 1 1 1 1 1 1 0 0 0 0 0 0 0 0 0 0 0 0 0 0 0 0 0 0 0 0 0 0 0 0 0 0 0 0 0 0 0 0 0 0 0 0 0 0 0 0 0 0 0 0 0 0 0 0
0.127 4.47 6 1;2 2 2 2 2 1 1 1 1 1 1 1 1 1 1 1 1 1 1 1 1 1 1 1 0 0 0 0 0 0 0 0 0 0 0 0 0 0 0 0 0 0 0 0 0 0 0 0 0 0 0 0 0 0 0 0 0 0 0 0 0 0 0 0 0 0 0 0 0 0 0 0 0 0 1 1 1 1 1 2 2 2 2 2 3 3 4 4 4 4 4 5 5 5 6 6 6 6 6 5 5 5 5 6 5 5 5 4 5 4 4 4 4 4 4 5 4 4 5 5 4 4 4 4 4 4 4 4 3 4 4 4 4 4 4 4 4 5 5 5 5 5 5 5 5 5 5 5 5 5 5 5 5 5 5 5 5 5 4 5 5 4 4 4 4 4 4 4 4 4 4 5 5 5 5 5 6 5 5 5 5 5 5 5 4 4 4 4 4 4 4 4 4 4 5 4 4 5 5 5 5 5 5 5 5 6 6 5 5 5 5 5 5 5 5 5 5 5 5 5 5 5 6 6 6 6 6 6 6 5 6 6 5 5 4 4 4 5 5 4 4 4 4 4 4 4 4 4 4 4 3 3 3 4 3 3 3 3 3 2 2 2 2 3 3 3 2 3 3 3 3 3 2 3 2 3 2 2 2 2 2 2 2 2 2 3 2 2
0.127 4.45 6 1;7 7 7 6 6 6 6 5 5 4 4 4 3 3 3 2 2 2 2 2 1 1 1 1 1 1 1 1 1 1 1 1 1 1 1 1 1 0 0 0 0 0 0 0 0 0 0 0 0 0 0 0 0 0 0 0 0 0 0 0 0 0 1 1 1 1 1 1 2 2 2 2 3 3 3 3 4 4 4 5 5 5 7 8 8 9 10 11 12 12 13 15 16 16 16 16 15 15 16 16 17 16 17 17 17 17 18 18 20 21 21 21 22 22 22 22 23 23 23 24 24 23 25 24 25 24 24 24 24 23 24 24 23 24 23 23 23 23 24 23 24 25 25 26 25 25 25 25 25 25 25 25 26 26 26 25 24 25 25 25 25 26 26 25 24 23 23 22 23 23 22 22 22 22 22 22 22 22 22 21 21 20 20 20 19 18 19 17 17 17 17 18 19 19 21 22 22 22 23 23 25 24 25 25 25 25 24 24 23 23 23 23 22 23 23 22 21 21 21 22 22 22 23 23 22 23 23 23 24 25 25 24 25 25 23 23 23 23 21 21 20 20 17 17 16 15 14 13 12 11 11 10 10 9 8 8 7 7 6 6 6 6 6 6 6 7 8 8 8 8 9 9 9 9 9 9 9 9 8 8 7 7 7 7 7 7 7 7
0.127 4.44 2 1;13 11 10 9 9 8 8 8 8 7 6 6 6 6 6 6 5 5 4 4 4 3 3 3 2 2 2 2 1 1 1 1 1 1 1 1 1 1 1 1 1 1 1 1 1 1 1 1 1 1 1 1 2 2 2 2 1 2 2 2 2 2 2 3 3 3 3 3 4 5 5 6 7 8 9 10 12 14 15 18 20 22 25 28 31 33 36 38 40 42 43 44 45 47 48 48 48 48 49 49 47 47 48 48 49 48 46 44 43 41 41 39 38 38 38 36 34 34 33 33 33 33 32 31 30 31 30 29 29 29 29 28 27 26 26 26 26 26 25 25 26 26 26 25 26 27 28 28 29 29 30 30 30 30 30 31 32 31 31 31 30 29 28 28 28 28 30 30 31 30 31 30 30 31 31 32 32 31 31 29 27 26 27 27 27 26 26 26 26 26 26 26 26 27 28 27 27 28 30 31 32 33 34 35 36 36 36 36 37 36 36 35 35 35 35 34 35 35 36 36 36 36 36 37 37 36 36 37 38 36 35 35 36 36 36 35 35 36 36 35 34 33 32 31 30 29 27 25 25 23 22 20 19 18 17 17 16 16 16 16 16 15 15 14 14 14 15 14 14 14 14 13 14 14 15 16 18 18 18 18 18 18 18 17 17 16 15 14
0.127 4.44 6 1;5 4 4 4 4 4 3 3 3 3 3 3 3 2 2 2 2 2 1 1 1 1 1 1 1 1 1 1 1 1 1 1 1 1 1 1 1 1 1 1 1 1 1 1 0 0 0 0 0 0 0 0 0 0 0 0 0 0 0 0 1 1 1 1 1 1 0 1 1 1 1 1 1 1 1 1 2 2 2 3 4 4 5 6 6 7 7 8 8 9 10 11 11 11 13 13 13 14 14 14 16 16 16 16 16 17 17 17 17 16 17 17 17 17 17 17 17 17 17 17 17 17 16 16 17 17 17 16 16 16 17 17 17 17 17 18 18 18 17 17 17 17 18 17 16 16 17 16 16 16 16 16 15 16 16 15 15 15 15 15 14 14 14 13 14 13 12 12 13 13 12 12 12 12 13 14 14 14 14 15 15 14 15 15 15 14 15 14 14 14 13 13 13 13 13 13 13 14 14 15 14 14 15 15 15 15 16 17 17 17 17 18 18 18 18 18 18 18 18 18 18 17 17 17 16 16 16 17 16 17 17 20 20 20 20 20 20 20 20 20 19 18 17 16 13 12 11 11 11 10 9 8 7 7 8 8 7 7 7 7 6 6 6 6 6 6 6 6 6 7 7 7 7 7 7 7 7 7 7 7 7 7 6 6 6 5 5 5
4.41 4.33 6 1;65 63 62 61 58 56 56 51 47 45 41 40 39 38 37 37 34 33 30 28 27 26 24 23 21 21 18 16 13 12 11 10 9 9 9 9 8 7 6 6 6 6 6 6 6 5 5 5 5 4 5 6 6 7 6 6 7 8 9 10 10 10 12 13 13 12 12 14 15 15 15 17 18 21 23 25 27 30 35 38 42 47 53 60 65 71 79 83 90 98 105 108 116 121 124 126 129 132 134 133 136 136 135 136 138 134 135 134 134 132 130 129 128 126 125 123 121 120 118 117 115 114 114 113 112 112 113 114 115 114 114 117 116 117 118 122 122 124 126 127 126 128 131 131 133 135 138 141 140 141 140 141 143 145 144 143 146 146 146 147 145 142 142 141 141 138 136 134 131 131 130 130 127 126 128 129 130 128 130 129 132 133 133 132 130 131 131 131 132 136 138 140 141 143 144 144 146 151 152 154 156 156 156 158 159 159 159 161 164 166 166 166 168 167 169 170 169 168 168 169 169 168 167 165 167 165 166 164 163 162 161 159 159 156 155 153 151 148 148 144 143 137 133 129 126 120 117 110 103 100 95 87 82 78 73 70 67 64 62 59 60 58 58 57 58 59 57 59 60 60 62 61 62 60 63 64 65 64 65 68 68 66 67 65 66 66 65 61
0.127 4.41 6 1;5 4 4 4 4 4 3 3 3 3 3 3 3 3 3 3 3 2 2 2 2 2 2 2 1 1 1 1 1 1 1 0 0 0 0 0 0 0 0 0 0 0 0 0 0 0 0 0 0 0 0 0 0 0 0 0 0 0 0 1 1 1 2 1 2 3 3 4 4 4 4 5 5 4 4 4 5 5 4 5 4 4 4 4 4 4 4 5 5 5 4 4 4 5 5 5 5 5 6 6 6 6 6 6 6 6 6 5 5 5 5 6 6 6 6 6 6 6 7 7 7 7 7 7 7 6 6 6 6 7 6 5 5 5 5 6 5 5 5 5 5 4 5 4 5 5 5 5 5 5 4 4 5 5 6 5 6 6 7 7 6 7 7 7 7 6 6 6 6 6 6 6 6 5 6 5 6 6 7 6 6 6 7 7 7 7 8 8 8 7 7 7 8 8 8 8 9 9 10 10 9 10 10 11 10 10 11 10 10 9 7 7 6 6 5 5 5 5 4 4 5 5 4 5 7 7 7 8 9 9 10 10 10 10 11 12 12 10 11 11 10 10 9 9 9 9 8 8 7 6 6 6 6 6 6 7 7 7 7 6 6 6 6 6 6 6 6 6 6 5 5 5 5 5 6 5 5 5 5 5 5 5 5 5 5 5 5 5
