id;source;target;geometry
363;17;6;LINESTRING(11.3495 44.4812,11.3482 44.4854)
341;16;5;LINESTRING(11.3448 44.4869,11.3445 44.4858)
297;14;3;LINESTRING(11.3399 44.4885,11.3395 44.4864)
76;3;13;LINESTRING(11.3395 44.4864,11.3392 44.4841)
67;3;4;LINESTRING(11.3395 44.4864,11.3426 44.4861)
87;4;3;LINESTRING(11.3426 44.4861,11.3395 44.4864)
109;5;4;LINESTRING(11.3445 44.4858,11.3426 44.4861)
77;3;14;LINESTRING(11.3395 44.4864,11.3399 44.4885)
254;12;2;LINESTRING(11.3341 44.49,11.3335 44.4887)
143;6;17;LINESTRING(11.3482 44.4854,11.3495 44.4812)
99;4;15;LINESTRING(11.3426 44.4861,11.3434 44.4876)
276;13;3;LINESTRING(11.3392 44.4841,11.3395 44.4864)
144;6;18;LINESTRING(11.3482 44.4854,11.3478 44.4885)
406;19;7;LINESTRING(11.3603 44.4819,11.3565 44.4846)
111;5;6;LINESTRING(11.3445 44.4858,11.3482 44.4854)
53;2;11;LINESTRING(11.3335 44.4887,11.3312 44.487)
65;3;2;LINESTRING(11.3395 44.4864,11.3335 44.4887)
133;6;7;LINESTRING(11.3482 44.4854,11.3565 44.4846)
166;7;19;LINESTRING(11.3565 44.4846,11.3603 44.4819)
427;20;7;LINESTRING(11.3534 44.4869,11.3565 44.4846)
21;1;0;LINESTRING(11.3295 44.4905,11.3284 44.4947)
45;2;3;LINESTRING(11.3335 44.4887,11.3395 44.4864)
131;6;5;LINESTRING(11.3482 44.4854,11.3445 44.4858)
190;9;1;LINESTRING(11.3234 44.4902,11.3295 44.4905)
43;2;1;LINESTRING(11.3335 44.4887,11.3295 44.4905)
23;1;2;LINESTRING(11.3295 44.4905,11.3335 44.4887)
1;0;1;LINESTRING(11.3284 44.4947,11.3295 44.4905)
175;8;7;LINESTRING(11.358 44.4861,11.3565 44.4846)
384;18;6;LINESTRING(11.3478 44.4885,11.3482 44.4854)
89;4;5;LINESTRING(11.3426 44.4861,11.3445 44.4858)
30;1;9;LINESTRING(11.3295 44.4905,11.3234 44.4902)
233;11;2;LINESTRING(11.3312 44.487,11.3335 44.4887)
153;7;6;LINESTRING(11.3565 44.4846,11.3482 44.4854)
211;10;1;LINESTRING(11.3308 44.4904,11.3295 44.4905)
155;7;8;LINESTRING(11.3565 44.4846,11.358 44.4861)
